Date,BTC-EUR,C3M.MI,VWCE.DE
2019-07-29,100.0,100.0,100.0
2019-07-30,100.79207655951325,100.0,99.42937224575931
2019-07-31,106.63664615230559,100.0,99.58246982778805
2019-08-01,109.87658004361674,99.99150922243518,100.19484953739959
2019-08-02,110.6730918935009,99.99150922243518,96.92414873847402
2019-08-05,122.90820617881673,99.99150922243518,94.57202281321744
2019-08-06,119.90977842066626,99.99150922243518,93.94572224564783
2019-08-07,124.76588411226406,99.98301844487038,94.02922615638954
2019-08-08,125.2175978604525,99.97452766730555,96.04732582017586
2019-08-09,123.09895795824836,99.97452766730555,95.37926267873198
2019-08-12,118.79137651522893,99.97452766730555,94.7947140665332
2019-08-13,114.12581684216927,99.97452766730555,95.9081490961052
2019-08-14,105.59601043344904,99.97452766730555,94.44676694710488
2019-08-16,109.4510893781883,99.91510517748316,95.61586417150242
2019-08-19,115.29405860847565,99.94906181117676,96.71537834311634
2019-08-20,113.53232240720126,99.95755258874158,96.46485599238781
2019-08-21,106.99272680966135,99.9660433663064,96.91022788051593
2019-08-22,106.97679177157615,99.9660433663064,96.50660794775867
2019-08-23,108.52662854603179,99.97452766730555,95.15658204391961
2019-08-26,109.35472469306762,99.93208673261279,95.28183791003218
2019-08-27,107.50661464116786,99.9660433663064,95.69937870074753
2019-08-28,103.00541219736859,99.95755258874158,95.85247628277627
2019-08-29,100.64798677826224,99.90662087648398,97.10507741791552
2019-08-30,102.04887552814822,99.95755258874158,97.7592197014013
2019-09-02,110.45859759319197,99.94906181117676,97.8566444701011
2019-09-03,113.32188616895851,99.94906181117676,97.60612211937257
2019-09-04,112.38390227363502,99.9660433663064,98.19068135007475
2019-09-05,112.20147237922922,99.94906181117676,99.3458577165142
2019-09-06,108.8910310884134,99.93208673261279,99.51287615650102
2019-09-09,109.51266904114738,99.9405775101776,99.51287615650102
2019-09-10,107.16912105119125,99.93208673261279,99.10925622374376
2019-09-11,108.17793241852041,99.93208673261279,100.47321360404429
2019-09-12,110.22042935897022,99.92359595504797,100.70981509681474
2019-09-13,108.96601950293199,99.92359595504797,100.79331900755643
2019-09-16,109.31444128258538,99.91510517748316,100.87683353680154
2019-09-17,108.24681659319859,99.91510517748316,100.40361993275727
2019-09-18,108.23482530557207,99.90662087648398,100.25052235072853
2019-09-19,108.77898285074401,99.89813009891918,101.07168307420113
2019-09-20,108.15285245183537,99.89813009891918,101.22478065622988
2019-09-23,103.5970204908129,99.88963932135437,100.72373595477282
2019-09-24,91.6185129020082,99.89813009891918,100.50104470145706
2019-09-25,90.7020881758588,99.88963932135437,100.32011602201555
2019-09-26,87.01555026521436,99.88963932135437,100.5706383727441
2019-09-27,88.28078543048265,99.88963932135437,100.8350709629273
2019-09-30,89.06888394605498,99.90662087648398,101.00208940291412
2019-10-01,89.32389028006115,99.8811550203552,100.08351452924511
2019-10-02,89.635332254689,99.8811550203552,97.56437016400173
2019-10-04,87.48373060046288,99.87266424279039,98.92832754430225
2019-10-07,87.96702864580297,99.87266424279039,99.29018490318526
2019-10-08,87.88909099181095,99.86417346522558,98.1350085367458
2019-10-09,91.58477383105522,99.86417346522558,98.39944112692902
2019-10-10,91.28220815274956,99.86417346522558,99.13709793965994
2019-10-11,88.24213096040727,99.86417346522558,100.61239032811493
2019-10-14,88.90778459760828,99.85568268766075,100.05567281332894
2019-10-15,87.04179049471549,99.84719838666159,100.82116072347263
2019-10-16,85.06078748351914,99.85568268766075,100.50104470145706
2019-10-17,85.26612542406748,99.84719838666159,100.2783640666447
2019-10-18,83.55529789719226,99.84719838666159,99.83299217851658
2019-10-21,86.53036036277018,99.83870760909677,100.30619516405747
2019-10-22,84.97057847846222,99.83870760909677,100.59846947015684
2019-10-23,79.01510376407548,99.83870760909677,100.58454861219876
2019-10-24,78.9960423035252,99.83021683153196,101.18301808235563
2019-10-25,91.4942676158188,99.82172605396715,101.5727277756582
2019-10-28,97.62451334690898,99.83021683153196,101.93458513454121
2019-10-29,99.29899549818028,99.83021683153196,101.90675403712845
2019-10-30,96.61340431626913,99.82172605396715,101.60055887307098
2019-10-31,96.51847995740293,99.82172605396715,101.08559331365583
2019-11-01,97.06623831821105,99.82172605396715,102.01809966378632
2019-11-04,99.01129604442971,99.83870760909677,102.99234735078429
2019-11-05,98.75438070657833,99.81324175296798,103.60473767889921
2019-11-06,98.98639897631669,99.81324175296798,103.59081682094113
2019-11-07,98.1511469226515,99.80475097540317,104.41196692591035
2019-11-08,93.53234641263884,99.80475097540317,104.1753654331399
2019-11-11,92.89503633851692,99.79626019783836,103.89701198499861
2019-11-12,93.70848345305188,99.79626019783836,104.52331255256824
2019-11-13,93.64941864545774,99.79626019783836,104.16144457518182
2019-11-14,92.50084990680175,99.7877758968392,103.93876394036945
2019-11-15,89.9469685590496,99.7877758968392,104.48156059719737
2019-11-18,87.84542967332715,99.79626019783836,104.34238387312674
2019-11-19,86.711235619314,99.77928511927438,104.30063191775587
2019-11-20,84.81283417569557,99.77928511927438,104.21711738851076
2019-11-21,80.84795321637426,99.77928511927438,103.68824158964091
2019-11-22,77.49553670328525,99.77928511927438,104.1753654331399
2019-11-25,75.96880230470491,99.80475097540317,105.24704850734106
2019-11-26,76.64962509222089,99.77928511927438,105.30272132066997
2019-11-27,80.1217601518424,99.77928511927438,105.77592430621088
2019-11-28,79.33478760560392,99.77079434170956,105.73417235084001
2019-11-29,82.45237378341014,99.77928511927438,105.23312764938298
2019-12-02,77.38487163606659,99.77079434170956,103.61864791835391
2019-12-03,77.31304393749532,99.76230356414474,102.81141867134278
2019-12-04,76.5950355840603,99.75381926314559,104.00835761165648
2019-12-05,78.51119533590352,99.76230356414474,103.72999354501178
2019-12-06,79.88371194480852,99.76230356414474,105.37230437345362
2019-12-09,78.29822709555468,99.74532848558077,105.01043639606719
2019-12-10,76.80196245595288,99.77928511927438,104.66248927663888
2019-12-11,75.88685231328971,99.76230356414474,104.75991404533866
2019-12-12,75.78850432177894,99.76230356414474,105.44189804474064
2019-12-13,76.5211445609737,99.76230356414474,105.58107476881129
2019-12-16,72.86492208863767,99.74532848558077,106.73626175375415
2019-12-17,69.7041432699384,99.74532848558077,106.48573940302562
2019-12-18,76.630569347251,99.74532848558077,106.80584480653776
2019-12-19,75.79718057278802,99.74532848558077,106.9728632465246
2019-12-20,76.28272484121547,99.74532848558077,107.9749526494387
2019-12-23,77.62262263292097,99.73683770801595,107.82185506740998
2019-12-27,76.3637774865118,99.73683770801595,107.86360702278084
2019-12-30,76.21145155394056,99.72835340701678,107.55741185872336
2020-01-02,73.19382516131083,99.71986262945197,107.72443029871017
2020-01-03,77.04256552741433,99.71986262945197,107.65483662742315
2020-01-06,81.23289183904285,99.71137185188717,107.30688950799482
2020-01-07,85.69339363499252,99.70288107432235,107.9888628888934
2020-01-08,85.10824394737185,99.71137185188717,108.28114781349618
2020-01-09,83.02422331549843,99.70288107432235,109.11621877642348
2020-01-10,85.95783067661726,99.70288107432235,109.08837706050731
2020-01-13,85.6111292866567,99.69439677332318,109.04662510513646
2020-01-14,92.8657897137386,99.66893091719439,109.42241394048095
2020-01-15,92.42891361220336,99.69439677332318,109.36674112715201
2020-01-16,91.68986049182799,99.68590599575838,109.82603387323822
2020-01-17,94.2410612323843,99.68590599575838,110.70285679153638
2020-01-20,91.32911020530592,99.69439677332318,110.81420241819427
2020-01-21,92.34954706311761,99.66044013962957,110.46625529876593
2020-01-22,91.57307403802781,99.67741521819356,110.68893593357829
2020-01-23,89.01218538873606,99.67741521819356,110.2157329480374
2020-01-24,89.66726520224353,99.67741521819356,110.70285679153638
2020-01-27,94.64489556377227,99.65194936206476,108.12805023146745
2020-01-28,99.38854721149409,99.66893091719439,109.2693163584522
2020-01-29,99.01609713194462,99.66893091719439,109.64509457529333
2020-01-30,100.91659619356064,99.66893091719439,108.28114781349618
2020-01-31,98.64961411830657,99.66893091719439,106.87543847782479
2020-02-03,98.33721192617574,99.66893091719439,107.54349100076527
2020-02-04,97.29558169633395,99.64345858449994,109.7564402019512
2020-02-05,102.3046477499246,99.64345858449994,110.68893593357829
2020-02-06,103.71635037787988,99.67741521819356,111.48225494113473
2020-02-07,104.7613870936251,99.66044013962957,111.27348454577705
2020-02-10,105.74823920115391,99.64345858449994,111.6075214257507
2020-02-11,109.43836649627379,99.65194936206476,112.58176911274865
2020-02-12,111.14747363345616,99.65194936206476,113.24983225419254
2020-02-13,110.27936842379611,99.64345858449994,113.58385851566277
2020-02-14,111.4523884152959,99.64345858449994,113.4585920310468
2020-02-17,104.66890900315934,99.66893091719439,113.89005367972025
2020-02-18,109.97691134151759,99.63497428350078,113.15240748549273
2020-02-19,104.31374283866357,99.63497428350078,114.27975275451942
2020-02-20,104.2596048613526,99.63497428350078,112.9018851347642
2020-02-21,104.5357245492636,99.63497428350078,112.17814917999138
2020-02-24,104.12422562459291,99.62648350593597,108.47599735089577
2020-02-25,100.50960114622536,99.62648350593597,106.79193456708309
2020-02-26,94.85974423006446,99.62648350593597,106.47181854506753
2020-02-27,93.49182294778086,99.61799272837115,102.11552443248613
2020-02-28,92.05760664872888,99.61799272837115,98.037583768046
2020-03-02,93.1683382453031,99.63497428350078,99.3458577165142
2020-03-03,92.03438996124608,99.61799272837115,100.22269125331576
2020-03-04,92.01764902632802,99.61799272837115,101.09951417161392
2020-03-05,94.69506121272269,99.62648350593597,100.37578883534451
2020-03-06,94.61257967233263,99.60950195080633,96.01948410425969
2020-03-09,81.37910781619334,99.60101764980718,89.43633055103768
2020-03-10,81.8122687904849,99.61799272837115,89.53375531973748
2020-03-11,82.22918036977062,99.60101764980718,89.96520634990752
2020-03-12,52.02205802502922,98.76909631572791,81.50313516622151
2020-03-13,58.4535319886173,99.63497428350078,83.10368873004079
2020-03-16,52.59389612595676,99.20203529961434,80.48713021460101
2020-03-17,55.54186674055769,99.88963932135437,81.82324587898538
2020-03-18,55.957257975463705,99.50763852629116,78.19067710267339
2020-03-19,67.98829174791365,99.62648350593597,80.51496131201378
2020-03-20,67.41912853860154,99.62648350593597,80.89074483810657
2020-03-23,69.77428487229908,99.55857023854875,76.07515797943897
2020-03-24,73.00253611732394,99.62648350593597,82.47738285321947
2020-03-25,71.824635020184,99.61799272837115,84.73208400977624
2020-03-26,71.16639449072922,99.54159515998478,86.33263757359552
2020-03-27,67.81825323176062,99.64345858449994,83.96660140888427
2020-03-30,68.24494416906778,99.64345858449994,85.55323942399717
2020-03-31,68.35171692605113,99.66893091719439,86.97286430837494
2020-04-01,70.60940546761564,99.53310438241996,83.54906061816891
2020-04-02,73.33070759570911,99.62648350593597,84.4119732970124
2020-04-03,72.95014139202732,99.53310438241996,83.9387650022198
2020-04-06,78.80672513476767,99.52461360485515,87.57132846928009
2020-04-07,77.09932695611738,99.55007946098394,90.20180784267795
2020-04-08,79.04226991759732,99.55007946098394,90.13222478989434
2020-04-09,78.23445264973164,99.49065697116154,91.57968608093657
2020-04-14,72.91414466682625,99.47368189259755,92.31733227516408
2020-04-15,71.29919600073983,99.40576862521034,90.74460449950587
2020-04-16,76.7194866311432,99.42275018033997,91.85803952907787
2020-04-17,76.39163522525902,99.46519111503275,93.11065128272053
2020-04-20,74.14530925747981,99.48217267016237,93.98747420101867
2020-04-21,74.1838265536262,99.49914774872634,90.03480002119453
2020-04-22,77.08940470858656,99.56706101611357,92.21990750646428
2020-04-23,80.71339702318858,99.49914774872634,93.48642949956162
2020-04-24,81.67316299532077,99.48217267016237,92.51218181256367
2020-04-27,84.30230710544949,99.50763852629116,94.57202281321744
2020-04-28,84.36086894197062,99.49065697116154,95.2679170520741
2020-04-29,94.7179864056064,99.53310438241996,96.8406448277323
2020-04-30,92.61120633268015,99.50763852629116,95.1704922833743
2020-05-04,95.67697505880761,99.54159515998478,92.24773860387705
2020-05-05,97.24153516830899,99.55007946098394,94.94781164856194
2020-05-06,100.4652711048377,99.42275018033997,94.57202281321744
2020-05-07,107.49870427792901,99.41425940277514,95.58803307408965
2020-05-08,105.04029598475906,99.47368189259755,96.17258168628842
2020-05-11,93.15912472973878,99.45670681403358,96.3813520816461
2020-05-12,95.01956328850719,99.59252687224236,96.33960012627524
2020-05-13,100.27423354638731,99.49065697116154,94.16841349896357
2020-05-14,105.42959559525369,99.46519111503275,93.27765910420393
2020-05-15,100.90126700699517,99.47368189259755,93.61169598417757
2020-05-18,104.31816669787372,99.46519111503275,97.02157350717381
2020-05-19,104.22671741187546,99.45670681403358,96.6597055297874
2020-05-20,101.52452818455563,99.49065697116154,97.04941522308998
2020-05-21,97.08890630997787,99.48217267016237,96.18650254424651
2020-05-22,98.60715878728188,99.45670681403358,96.15866082833034
2020-05-25,95.642784457005,99.44821603646876,97.92623814138814
2020-05-26,94.19693695189014,99.47368189259755,98.07933572341688
2020-05-27,97.55452034963805,99.45670681403358,97.80097165677218
2020-05-28,100.65789759463229,99.44821603646876,98.97007949967312
2020-05-29,99.49547428914755,99.49065697116154,97.20250218661532
2020-06-02,99.72622370004268,99.46519111503275,99.26235380577249
2020-06-03,100.61450490842611,99.46519111503275,100.94641658958518
2020-06-04,101.16078864949752,99.45670681403358,99.9025752313002
2020-06-05,100.20411480634814,99.41425940277514,102.75574585801384
2020-06-08,101.1833994854606,99.43972525890395,102.74182500005575
2020-06-09,101.17473466561226,99.43972525890395,102.0459307611991
2020-06-10,101.64849912288703,99.43123448133913,101.73973559714162
2020-06-11,96.66068359713023,99.45670681403358,98.06541486545879
2020-06-12,98.58451365783655,99.44821603646876,98.3298580741454
2020-06-15,97.57502785202317,99.43123448133913,97.36952062660214
2020-06-16,99.10093920702953,99.45670681403358,100.43146164867342
2020-06-17,98.70289475856131,99.43123448133913,101.08559331365583
2020-06-18,98.29798018248248,99.45670681403358,100.68197338089857
2020-06-19,97.25026857512181,99.45670681403358,101.51705496232925
2020-06-22,100.1402489112391,99.45670681403358,100.2783640666447
2020-06-23,99.64497100943322,99.48217267016237,101.22478065622988
2020-06-24,96.90400728485012,99.48217267016237,98.85873387301523
2020-06-25,96.66176955740146,99.41425940277514,99.17884989503078
2020-06-26,95.60865101100615,99.47368189259755,98.74738824635735
2020-06-29,95.65690765611136,99.43972525890395,98.87265473097332
2020-06-30,95.21102951548568,99.46519111503275,99.5407072539138
2020-07-01,96.00444352080666,99.43123448133913,100.02784171591617
2020-07-02,95.02543890513256,99.43123448133913,101.7536564550997
2020-07-03,94.57491399766211,99.40576862521034,101.28044285105543
2020-07-06,97.0114601958981,99.42275018033997,102.72790414209767
2020-07-07,96.05520930569644,99.42275018033997,102.56089632061425
2020-07-08,97.34728483640524,99.43123448133913,101.670152544358
2020-07-09,96.2074609357228,99.43972525890395,101.3917884777133
2020-07-10,96.1127652000716,99.43972525890395,102.14335552989888
2020-07-13,95.36280675234093,99.41425940277514,103.632568776312
2020-07-14,94.82970313961403,99.41425940277514,101.60055887307098
2020-07-15,94.24723405918918,99.43972525890395,103.06194102207131
2020-07-16,93.84787502723474,99.43972525890395,102.22685944064061
2020-07-17,93.73663268639822,99.41425940277514,102.60264827598509
2020-07-20,93.62441869689798,99.43972525890395,103.1732760302258
2020-07-21,95.12063761185676,99.41425940277514,103.89701198499861
2020-07-22,96.40546007106981,99.40576862521034,102.71399390264297
2020-07-23,96.7204228432086,99.40576862521034,102.81141867134278
2020-07-24,95.76995612034635,99.40576862521034,100.94641658958518
2020-07-27,109.33164517951381,99.38030276908155,100.34794711942831
2020-07-28,108.99479173453919,99.38879354664635,101.08559331365583
2020-07-29,110.26954905671205,99.38030276908155,100.90466463421433
2020-07-30,109.52503755707865,99.37181199151674,99.87474413388743
2020-07-31,112.53009538846399,99.37181199151674,99.33194747705953
2020-08-03,111.95024975943122,99.39727784764553,101.54488605974204
2020-08-04,111.02653195272347,99.39727784764553,101.61447973102906
2020-08-05,115.81940046305346,99.38879354664635,101.64231082844184
2020-08-06,116.11568471852709,99.38879354664635,101.61447973102906
2020-08-07,115.19453892298803,99.41425940277514,102.32428420934039
2020-08-10,118.4476072180007,99.38879354664635,102.588727418027
2020-08-11,113.80999673297426,99.38879354664635,103.57689596298304
2020-08-12,114.98747487716645,99.38030276908155,103.96659503778223
2020-08-13,116.7358366203636,99.34634613538795,103.61864791835391
2020-08-14,116.32782419972159,99.43123448133913,103.22894884355472
2020-08-17,120.7972137231542,99.39727784764553,103.4237983809543
2020-08-18,117.45868607037617,99.37181199151674,102.9784264928262
2020-08-19,116.20995750123055,99.36332769051756,103.5212231496541
2020-08-20,117.13278367739983,99.36332769051756,102.93667453745535
2020-08-21,115.04046973840245,99.38879354664635,103.66041049222817
2020-08-24,116.85756705118806,99.36332769051756,104.66248927663888
2020-08-25,112.41302887122546,99.35483691295276,104.81558685866761
2020-08-26,113.58005893449237,99.37181199151674,105.62282672418215
2020-08-27,112.15138103282368,99.35483691295276,106.17954423896813
2020-08-28,113.49039290957106,99.38030276908155,105.51148109752427
2020-08-31,114.53867607496922,99.35483691295276,104.84342857458377
2020-09-01,117.50649118463177,99.34634613538795,105.24704850734106
2020-09-02,112.77237884055566,99.33785535782313,106.90326957523757
2020-09-03,101.29224699812002,99.30390520069517,104.91301162736741
2020-09-04,103.94161283161512,99.36332769051756,103.08977211948407
2020-09-07,102.70047455320737,99.32937105682397,104.48156059719737
2020-09-08,100.78663532699636,99.32937105682397,102.76965609746851
2020-09-09,101.57313348006372,99.32088027925914,103.92484308241137
2020-09-10,102.57619497353572,99.32937105682397,103.45164009687049
2020-09-11,102.77089050342603,99.34634613538795,102.90884344004256
2020-09-14,105.34826288651897,99.32088027925914,103.74391440296986
2020-09-15,106.69345902123202,99.33785535782313,104.69033099255505
2020-09-16,108.84250581103056,99.29541442313035,105.03827811198336
2020-09-17,108.15525299559283,99.32088027925914,103.72999354501178
2020-09-18,108.19950301885524,99.33785535782313,102.93667453745535
2020-09-21,104.09089235984655,99.28692364556554,100.76548791014368
2020-09-22,105.36503239933892,99.30390520069517,101.83716036584143
2020-09-23,102.88864289030954,99.30390520069517,102.588727418027
2020-09-24,107.89430245799679,99.30390520069517,101.36395738030053
2020-09-25,107.61261579480062,99.32937105682397,101.85108122379951
2020-09-28,107.35844393552915,99.30390520069517,103.96659503778223
2020-09-29,108.11119730206316,99.27843286800073,103.10369297744215
2020-09-30,107.68652968020871,99.27843286800073,103.85526002962774
2020-10-01,105.84725591556854,99.29541442313035,104.0918615223982
2020-10-02,105.65555534979467,99.32088027925914,103.78566635834072
2020-10-05,107.1666747827908,99.28692364556554,104.35630473108482
2020-10-06,105.75773849573697,99.28692364556554,104.70425185051313
2020-10-07,106.14348301523842,99.28692364556554,104.99652615661252
2020-10-08,108.58703079943366,99.25296701187193,105.78984516416897
2020-10-09,109.4867545997276,99.28692364556554,106.20737533638092
2020-10-12,114.50270221208964,99.26145778943675,107.58525357463952
2020-10-13,113.90247482344,99.26994856700156,107.82185506740998
2020-10-14,113.91368879213555,99.28692364556554,107.5156599033525
2020-10-15,114.94184168345332,99.27843286800073,106.34656267895497
2020-10-16,113.11538225001365,99.30390520069517,107.23730645521121
2020-10-19,116.79243229723579,99.26994856700156,106.41614573173858
2020-10-20,117.9196019029682,98.93038870663113,105.37230437345362
2020-10-21,126.65420898768156,99.26994856700156,104.99652615661252
2020-10-22,128.44645495699712,99.22750115574314,104.99652615661252
2020-10-23,127.60405842786331,99.29541442313035,105.30272132066997
2020-10-26,129.6064777187244,99.26145778943675,103.82741831371159
2020-10-27,135.65662530644084,99.26145778943675,103.82741831371159
2020-10-28,132.22155006997014,99.26145778943675,101.71190449972886
2020-10-29,134.6944302126493,99.24448271087277,102.43562983599827
2020-10-30,135.81429530666261,99.25296701187193,101.85108122379951
2020-11-02,136.26171093840912,99.25296701187193,103.06194102207131
2020-11-03,138.8358483030099,99.22750115574314,104.57898536589715
2020-11-04,140.9999613626767,99.26994856700156,107.02853605985354
2020-11-05,154.3271858837053,99.23599193330796,107.72443029871017
2020-11-06,153.44871261124518,99.26145778943675,107.1398816865114
2020-11-09,151.78675901215567,99.23599193330796,110.78636070227807
2020-11-10,151.44819089306858,99.22750115574314,109.25539550049412
2020-11-11,156.02576492183715,99.22750115574314,110.66110483616552
2020-11-12,161.40812696087275,99.19354452204954,109.89561692602183
2020-11-13,161.38172097954075,99.23599193330796,109.8399441126929
2020-11-16,164.9906070152119,99.21901037817833,111.5240068965056
2020-11-17,174.10423709690582,99.21052607717917,111.13430782170641
2020-11-18,175.93732660358037,99.22750115574314,111.44050298576389
2020-11-19,175.7673452432311,99.20203529961434,110.48016553822062
2020-11-20,183.83711601873705,99.21901037817833,110.98121023967767
2020-11-23,181.51683044090672,99.17656944348555,110.99513109763576
2020-11-24,187.98729037823196,99.20203529961434,112.42867153071991
2020-11-25,184.00374804898664,99.19354452204954,112.05289331387883
2020-11-26,168.54876155947554,99.19354452204954,112.2477428512784
2020-11-27,167.40166744055625,99.16807866592073,112.33124676202011
2020-11-30,192.4430653892116,99.18505374448472,110.93945828430682
2020-12-01,182.3323751734393,99.19354452204954,111.9693787846337
2020-12-02,185.5327801108777,99.21052607717917,111.45442384372197
2020-12-03,187.41429201448832,99.18505374448472,111.62143166520538
2020-12-04,180.59519310545542,99.20203529961434,112.28949480664927
2020-12-07,185.49842947282457,99.18505374448472,112.26166370923649
2020-12-08,177.09732650298616,99.18505374448472,112.51217544146161
2020-12-09,179.8103753330183,99.16807866592073,112.77661865014824
2020-12-10,176.06193768691375,99.18505374448472,112.19207003794946
2020-12-11,174.5340944657407,99.17656944348555,111.48225494113473
2020-12-14,185.44508024560537,99.18505374448472,112.01114135850796
2020-12-15,186.99812917623169,99.19354452204954,111.89979573185009
2020-12-16,204.5361817956936,99.17656944348555,112.63744192607759
2020-12-17,217.7075538710597,99.14261280979194,112.59568997070673
2020-12-18,220.9726134536989,99.18505374448472,112.40084043330714
2020-12-21,218.16228544568608,99.15958788835593,111.10647672429363
2020-12-22,228.42991406739216,99.15110358735676,111.89979573185009
2020-12-23,223.10120989691606,99.17656944348555,112.52609629941972
2020-12-28,259.412817851998,99.17656944348555,113.12456576957656
2020-12-29,261.3874365599156,99.14261280979194,113.29158420956338
2020-12-30,274.5012870343888,99.13412203222714,113.31941530697615
2021-01-04,305.4436101983329,99.25296701187193,112.74878755273548
2021-01-05,323.5341994037964,99.11714695366315,113.16631772494743
2021-01-06,349.34925831199706,99.09168109753436,114.61377901598966
2021-01-07,375.62330118662305,99.07469954240473,115.40709802354611
2021-01-08,390.6395254330752,99.22750115574314,116.45093938183109
2021-01-11,342.353456520094,99.10016539853352,116.81280735921749
2021-01-12,325.2519370673449,99.11714695366315,116.86848017254643
2021-01-13,359.1592975688893,99.08319031996955,117.10508166531687
2021-01-14,377.5126891599903,99.10865617609834,117.85664871750248
2021-01-15,356.8522835686895,99.04923368627594,116.92415298587537
2021-01-18,355.0155932463788,99.07469954240473,117.13292338123304
2021-01-19,347.81348186526367,99.07469954240473,117.16075447864583
2021-01-20,343.4709667949929,99.06620876483991,118.71956139634594
2021-01-21,296.6001213074779,99.06620876483991,118.69171968042977
2021-01-22,317.4083089449519,99.08319031996955,117.77314480676075
2021-01-25,312.0056223021032,99.03225860771195,117.81489676213161
2021-01-26,313.4228804741829,99.08319031996955,118.14892302360185
2021-01-27,294.33197325382736,99.01527705258233,116.77105540384665
2021-01-28,323.18436016021,99.07469954240473,116.81280735921749
2021-01-29,330.94458653377256,99.07469954240473,114.44677119450624
2021-02-01,325.3028971819674,99.04074290871112,116.06124030703191
2021-02-02,345.33031367790966,99.03225860771195,118.60821576968806
2021-02-03,364.26895783707806,99.04074290871112,118.77522359117148
2021-02-04,361.2267830267382,99.01527705258233,119.74948189667283
2021-02-05,370.57589501987763,99.05772446384074,120.19485378480096
2021-02-08,448.66825834148943,99.03225860771195,120.57063200164204
2021-02-09,449.0501962844612,99.02376783014715,120.58455285960012
2021-02-10,433.8652252430208,99.02376783014715,120.29227855350075
2021-02-11,462.3025238402573,98.99830197401836,120.96034169494463
2021-02-12,458.7964953890127,99.04923368627594,121.30828881437294
2021-02-15,462.58775416328587,99.04074290871112,122.35213017265794
2021-02-16,476.42288801874895,99.01527705258233,122.03201415064238
2021-02-17,506.7685503161973,99.01527705258233,121.58664226251426
2021-02-18,500.2869907217841,99.0067862750175,120.75157129958696
2021-02-19,539.84635148213,99.03225860771195,121.3639510091985
2021-02-22,521.6354150162929,98.99830197401836,119.88865862074347
2021-02-23,470.342927963797,98.97282964132391,119.02574594190001
2021-02-24,478.1046403882571,98.97282964132391,119.88865862074347
2021-02-25,453.41479635730065,98.98981119645353,118.76131335171681
2021-02-26,449.32660175139097,98.98132041888871,117.77314480676075
2021-03-01,482.175551079113,98.98132041888871,120.18093292684287
2021-03-02,468.60305957303694,98.98981119645353,119.41545563520259
2021-03-03,491.07891638997546,98.98132041888871,119.34586196391557
2021-03-04,474.992392562521,98.98132041888871,118.53862209840102
2021-03-05,480.8216443999086,98.98132041888871,117.32777291863263
2021-03-08,516.0549509614635,99.0067862750175,120.4314552775714
2021-03-09,539.4161283161511,98.97282964132391,121.08559756105718
2021-03-10,549.7998746687535,98.94736378519512,121.26652624049869
2021-03-11,564.7602919884253,98.97282964132391,122.31036759878367
2021-03-12,561.4305777605854,98.98981119645353,121.6423150758432
2021-03-15,548.712725556806,98.96434534032474,122.19903259062919
2021-03-16,558.6697695409406,98.96434534032474,123.3959715309429
2021-03-17,575.0902204362177,98.95585456275992,122.54697971005753
2021-03-18,568.256398192139,98.95585456275992,122.89492682948584
2021-03-19,571.6963545342498,98.98132041888871,122.21294283008388
2021-03-22,534.9347932297351,98.95585456275992,122.3799612700707
2021-03-23,541.1488179379604,98.94736378519512,122.49130689672857
2021-03-24,522.9509587200209,98.93038870663113,122.1851117326711
2021-03-25,513.9576073117362,98.94736378519512,121.89283742657173
2021-03-26,547.2259887896893,98.96434534032474,122.92275792689861
2021-03-29,574.4102492701775,98.93887948419595,123.43772348631377
2021-03-30,588.2847520432629,98.93887948419595,124.1336177251704
2021-03-31,588.0912910787334,98.93887948419595,124.53723765792768
2021-04-01,587.2962309862645,98.93887948419595,125.26096299419709
2021-04-06,573.6707446189525,98.95585456275992,126.09603395712439
2021-04-07,552.6172899964312,98.9134071515015,125.21921103882623
2021-04-08,572.9656706239059,98.92189792906633,125.87335332231204
2021-04-09,572.8922825718922,98.93887948419595,126.06820285971163
2021-04-12,588.4781215585062,98.9134071515015,125.84551160639586
2021-04-13,621.8390954385325,98.9134071515015,126.10995481508247
2021-04-14,616.4600027114714,98.93038870663113,126.33263544989484
2021-04-15,619.1791100567008,98.87945699437356,126.97286749392596
2021-04-16,601.5021916964505,98.93038870663113,127.2929728974381
2021-04-19,541.6938556825099,98.90492285050234,126.4579019345108
2021-04-20,549.3830488231735,98.87945699437356,124.77383915069812
2021-04-21,524.2219208968248,98.89643207293753,125.69241402436712
2021-04-22,504.3124511174988,98.88794129537271,126.68058256932318
2021-04-23,494.34008937795966,98.90492285050234,126.30480435248208
2021-04-26,523.4920641452727,98.88794129537271,126.58315780062337
2021-04-27,532.8641984961622,98.88794129537271,126.4579019345108
2021-04-28,528.8394696947354,98.87945699437356,126.49965388988167
2021-04-29,517.0436549170338,98.87945699437356,126.19345872582419
2021-04-30,562.4151664982857,98.89643207293753,126.360477165811
2021-05-03,555.2246920388138,98.87096621680872,126.54140584525251
2021-05-04,519.5754741245389,98.87096621680872,125.12178627012645
2021-05-05,559.7932240194293,98.86247543924392,126.75017624061017
2021-05-06,547.1454219687248,98.82851880555032,126.13778591249525
2021-05-07,551.9792026033783,98.87945699437356,127.04245054670957
2021-05-10,538.5761208996141,98.86247543924392,126.66667232986848
2021-05-11,546.5598264658348,98.8539846616791,124.34237750202468
2021-05-12,476.3616627217731,98.82851880555032,123.6882458370423
2021-05-13,481.87710633425763,98.84550036067994,123.84134341907102
2021-05-14,480.77774874262946,98.87096621680872,124.9826095460558
2021-05-17,419.2220912211201,98.84550036067994,124.49547508405341
2021-05-18,410.94291301183875,98.84550036067994,124.74599743478194
2021-05-19,355.8849558837213,98.83700958311513,122.64440447875731
2021-05-20,390.48566200938313,98.83700958311513,124.71816633736918
2021-05-21,358.514237167779,98.8539846616791,125.20529018086815
2021-05-25,367.0490618560684,98.80305294942153,125.45581253159668
2021-05-26,377.263078333858,98.82003450455115,125.91510527768288
2021-05-27,369.0049334603564,98.82003450455115,126.360477165811
2021-05-28,342.71763043926063,98.7945621718567,126.88935296468085
2021-05-31,357.2440294475846,98.82003450455115,126.20737958378227
2021-06-01,351.4789064220032,98.81154372698633,126.68058256932318
2021-06-02,360.2371645783079,98.81154372698633,127.16771703132554
2021-06-03,378.34019088666713,98.81154372698633,127.34864571076704
2021-06-04,354.94261671615214,98.82851880555032,127.73834478556623
2021-06-07,322.2115912427249,98.80305294942153,127.47390157687961
2021-06-08,321.8772983777582,98.77758709329272,127.55741610612472
2021-06-09,358.94388877572044,98.80305294942153,127.72442392760814
2021-06-10,352.9268001048923,98.80305294942153,128.16979581573628
2021-06-11,360.90488154002423,98.82003450455115,128.92136286792186
2021-06-14,388.3714002417462,98.7945621718567,128.83785895718015
2021-06-15,390.0930244999496,98.78607787085754,128.7821861438512
2021-06-16,374.2173141390427,98.78607787085754,129.10230216586675
2021-06-17,373.909793052552,98.78607787085754,130.27139939026432
2021-06-18,353.1066808504509,98.80305294942153,129.21363717402124
2021-06-21,311.26193384604375,98.77758709329272,129.64509882269468
2021-06-22,318.7690514582846,98.77758709329272,130.20181633748066
2021-06-23,330.8746506923054,98.74363045959912,129.92345227083598
2021-06-24,340.1586050691711,98.76909631572791,130.81419604709222
2021-06-25,310.2292427839083,98.78607787085754,131.13431206910778
2021-06-28,337.8947551319625,98.76909631572791,131.06471839782074
2021-06-29,352.80380081522463,98.76060553816309,131.60751505464864
2021-06-30,345.9569470478913,98.76060553816309,131.7327815392646
2021-07-01,331.7506662652043,98.75212123716393,131.91371021870611
2021-07-02,334.4183562493813,98.77758709329272,132.52610054682108
2021-07-05,332.95187549911304,98.7351396820343,132.76270203959152
2021-07-06,338.9646203288562,98.76909631572791,132.35908210683425
2021-07-07,336.0405065467401,98.75212123716393,133.12457001697794
2021-07-08,324.8595967680908,98.74363045959912,131.07863925577882
2021-07-09,333.0788756950431,98.76060553816309,132.62352531552085
2021-07-12,327.1520703318169,98.7351396820343,133.01322439032003
2021-07-13,325.0876712873705,98.74363045959912,133.8065433978765
2021-07-14,324.68129352271563,98.7351396820343,133.38900260716113
2021-07-15,314.95376438411535,98.72665538103514,133.12457001697794
2021-07-16,311.5566520324947,98.7351396820343,132.58177336015
2021-07-19,305.9180719564134,98.72665538103514,130.00696680008107
2021-07-20,296.14763024035847,98.7011830483407,131.6492670100195
2021-07-21,318.7112555095337,98.70967382590551,132.44259663607934
2021-07-22,321.2921829836198,98.71816460347033,133.15240111439067
2021-07-23,333.93276054073044,98.7011830483407,134.19624247267566
2021-07-26,370.2317484943447,98.70967382590551,133.625614718435
2021-07-27,390.2156122678303,98.68420796977672,132.01113498740594
2021-07-28,395.22739893767937,98.7011830483407,133.30549869641942
2021-07-29,393.8093863089902,98.70967382590551,133.4307651810354
2021-07-30,416.5999658436917,98.71816460347033,132.72095008422068
2021-08-02,386.4575495843744,98.69269874734154,133.3194195543775
2021-08-03,376.2739399941792,98.7011830483407,133.08281806160707
2021-08-04,393.02635179763007,98.68420796977672,133.7091186291767
2021-08-05,404.26620064110523,98.68420796977672,134.47460653932038
2021-08-06,426.07973600420115,98.6757171922119,134.87822647207764
2021-08-09,462.3901779808866,98.68420796977672,135.17050077817703
2021-08-10,455.297142735646,98.6757171922119,135.60195180834705
2021-08-11,454.52384757324455,98.6757171922119,135.65762462167598
2021-08-12,443.1363538575252,98.65874211364792,135.78288048778856
2021-08-13,474.2466693598481,98.66723289121275,135.53235813706004
2021-08-16,457.194166724394,98.65874211364792,135.0034823381902
2021-08-17,446.8051620378468,98.6417605585183,135.24008383096066
2021-08-18,448.1111950158311,98.65874211364792,135.2818357863315
2021-08-19,468.35664947191464,98.6502513360831,133.63952495788968
2021-08-20,493.60277950959863,98.6757171922119,134.41893372599142
2021-08-23,493.82385815849943,98.6502513360831,135.39318141298938
2021-08-24,475.14154634798416,98.6502513360831,135.9359780698173
2021-08-25,486.821632054255,98.6417605585183,136.03340283851708
2021-08-26,467.50525661927077,98.6417605585183,135.42102312890557
2021-08-27,486.84792372397953,98.65874211364792,135.99165088314624
2021-08-30,466.916414666728,98.63327625751913,136.53444753997414
2021-08-31,467.49204219744405,98.63327625751913,136.60404121126118
2021-09-01,482.86078057909805,98.62478547995431,136.65971402459013
2021-09-02,486.2833158322262,98.62478547995431,136.88239465940248
2021-09-03,492.9454420418431,98.6417605585183,136.6875451220029
2021-09-06,518.8943141177807,98.62478547995431,137.6061306141753
2021-09-07,462.61829822480934,98.62478547995431,136.97981942810227
2021-09-08,456.49000722220734,98.61629470238951,136.40919167386159
2021-09-09,459.24487123826225,98.61629470238951,136.5622892558903
2021-09-10,444.84160869353497,98.60781040139034,136.00557174110432
2021-09-13,445.6677615432433,98.60781040139034,135.8524741590756
2021-09-14,467.0532227985814,98.59931962382552,135.61587266630514
2021-09-15,477.1417251313383,98.62478547995431,135.1844110176317
2021-09-16,475.4225242792138,98.59931962382552,135.6715454796341
2021-09-17,471.87923024392495,98.61629470238951,135.24008383096066
2021-09-20,427.6548585062353,98.59082884626072,132.79054375550768
2021-09-21,406.3329545046661,98.59082884626072,133.84829535324735
2021-09-22,436.42214727953234,98.59082884626072,134.66945607671997
2021-09-23,447.62893720611913,98.59082884626072,135.7550493903758
2021-09-24,427.8475878764767,98.58233806869589,135.33750859966045
2021-09-27,422.709509742664,98.58233806869589,135.6715454796341
2021-09-28,411.0253088185233,98.58233806869589,133.23591564363582
2021-09-29,419.39401587879684,98.56536299013192,134.12665941989204
2021-09-30,442.8884805678269,98.56536299013192,134.15449051730482
2021-10-01,485.7994119353664,98.59082884626072,133.26374674104858
2021-10-04,494.90049060255706,98.56536299013192,131.59360481519397
2021-10-05,520.0194604080604,98.56536299013192,133.90396816657628
2021-10-06,560.8208853708348,98.5568722125671,132.84620595033323
2021-10-07,544.8558976444722,98.5568722125671,135.8246324431594
2021-10-08,546.0464301742406,98.5568722125671,135.26792554687682
2021-10-11,582.4188290421899,98.54838143500228,135.6437037637179
2021-10-12,568.9098033405967,98.54838143500228,134.78079108487444
2021-10-13,579.3918576756472,98.54838143500228,134.4467648234042
2021-10-14,578.9053931987794,98.53989713400311,136.4787747266452
2021-10-15,621.5577059855158,98.5229155788735,137.59220975621722
2021-10-18,625.1756683628223,98.53989713400311,137.55045780084635
2021-10-19,646.5979379557747,98.53989713400311,138.27418313711576
2021-10-20,662.9305060872074,98.53140635643831,138.7195550252439
2021-10-21,626.4289808274285,98.53989713400311,138.30202485303195
2021-10-22,610.1262708878743,98.53140635643831,138.53862634580238
2021-10-25,635.6495379867761,98.5229155788735,139.42937012205863
2021-10-26,609.3120978946317,98.51443127787432,140.29228280090211
2021-10-27,590.2144234271124,98.5229155788735,139.5685468461293
2021-10-28,607.4258191969884,98.51443127787432,139.08142300263032
2021-10-29,630.0527959590389,98.48895894517989,140.15309545832807
2021-11-01,615.6156514538493,98.50594050030952,140.59846734645618
2021-11-02,639.1649399898354,98.50594050030952,140.8768314131009
2021-11-03,634.6098053296187,98.53140635643831,140.79332750235915
2021-11-04,622.5064008784618,98.51443127787432,142.18511598007245
2021-11-05,619.4059042859766,98.5229155788735,142.797495689684
2021-11-08,682.490136622947,98.50594050030952,142.60264615228442
2021-11-09,676.153935668628,98.50594050030952,142.0737703534146
2021-11-10,662.3962593584056,98.50594050030952,142.7139917789423
2021-11-11,664.1267999219938,98.50594050030952,143.0758597563287
2021-11-12,656.2285537135383,98.50594050030952,143.93876181666877
2021-11-15,654.5065179335479,98.4974497227447,144.52331042886755
2021-11-16,622.1061730782905,98.5229155788735,145.83159499583914
2021-11-17,624.3601693549327,98.4974497227447,145.63674545843955
2021-11-18,586.2883226806346,98.51443127787432,144.85734730884118
2021-11-19,602.7403693042241,98.4974497227447,145.4140648236272
2021-11-22,586.1138831675929,98.48895894517989,146.0542862491549
2021-11-23,599.1870158474753,98.48047464418073,144.16145306998453
2021-11-24,588.0355527389175,98.50594050030952,145.4140648236272
2021-11-25,598.1100633309168,98.4974497227447,145.83159499583914
2021-11-26,553.9409726866131,98.4974497227447,140.5706362490434
2021-11-29,599.1985384575112,98.48895894517989,142.29645098822695
2021-11-30,588.9437813228094,98.50594050030952,140.4871323383017
2021-12-01,591.8376482535815,98.48047464418073,142.240778174898
2021-12-02,584.735742427599,98.48047464418073,140.06959154758633
2021-12-03,554.5052605058655,98.47198386661591,139.42937012205863
2021-12-06,524.7296930573302,98.46349308905108,141.01600813717153
2021-12-07,526.4550210116166,98.45500878805193,144.6624977714416
2021-12-08,521.1289688704344,98.45500878805193,143.60473555519854
2021-12-09,494.10561340866013,98.44651801048711,143.96660353258494
2021-12-10,488.58660327402157,98.42953645535749,143.24286757781212
2021-12-13,484.85716421708327,98.4125613767935,142.8810102189291
2021-12-14,484.67229948543775,98.42953645535749,141.62839846528647
2021-12-15,506.93782294458015,98.42953645535749,141.57272565195754
2021-12-16,492.2809258051367,98.42953645535749,143.52123164445683
2021-12-17,481.14990161199944,98.4380272329223,142.46346942821378
2021-12-20,486.59698688320026,98.4125613767935,139.26235168207182
2021-12-21,507.4900394580807,98.4125613767935,141.76757518935713
2021-12-22,502.559917000628,98.42105215435832,142.96451412967082
2021-12-23,524.9885859859913,98.40407059922869,144.49547933145476
2021-12-27,523.2059193293841,98.40407059922869,145.30271919696932
2021-12-28,492.3908478469066,98.3786047430999,146.0542862491549
2021-12-29,478.5813655161661,98.40407059922869,145.1913735703114
2021-12-30,487.73246694279777,98.39558629822953,145.74809108509743
2022-01-03,481.16339038168417,98.36162966453593,145.8594367117553
2022-01-04,476.155215958632,98.3446481094063,146.5274892346958
2022-01-05,450.8993465719892,98.3446481094063,145.9707717199098
2022-01-06,447.19148954654645,98.3446481094063,143.91093071925602
2022-01-07,428.13949399738317,98.3276730308423,143.04801804041253
2022-01-10,432.07606568710764,98.31069147571269,141.43354892788687
2022-01-11,440.12245973888025,98.35313888697111,143.35421320447003
2022-01-12,449.6767153428354,98.33615733184148,144.0222763459139
2022-01-13,435.1556661177423,98.31069147571269,143.52123164445683
2022-01-14,441.95400603885366,98.31069147571269,141.7954062867699
2022-01-17,433.4404890342018,98.3191822532775,142.797495689684
2022-01-18,437.83032910997673,98.3191822532775,141.322203301229
2022-01-19,430.77305053556125,98.33615733184148,140.82115859977193
2022-01-20,420.90324917026913,98.3191822532775,142.15727426415629
2022-01-21,376.1664642208098,98.3276730308423,138.9283254206016
2022-01-24,378.8994489951895,98.31069147571269,133.500348233819
2022-01-25,382.6923309942892,98.30220717471352,134.8364638982034
2022-01-26,383.7496905013227,98.2852256195839,137.3138563080759
2022-01-27,390.0777067445449,98.27673484201908,138.23243118174494
2022-01-28,396.6892614990047,98.27673484201908,136.6875451220029
2022-01-31,401.1526725253652,98.27673484201908,139.0953438605884
2022-02-01,402.29213062890364,98.2937163971487,140.208768271657
2022-02-02,382.8024816592742,98.26825054101991,140.40361780905658
2022-02-03,380.3175073485217,98.25126898589028,138.0654127417581
2022-02-04,424.30109311617787,98.26825054101991,136.6875451220029
2022-02-07,448.5130689031504,98.24278468489112,137.39736021881762
2022-02-08,452.1907933888568,98.26825054101991,138.03758164434535
2022-02-09,454.4295633593804,98.25126898589028,140.0139187342574
2022-02-10,446.8763553069964,98.25975976345511,139.31802449540075
2022-02-11,437.3242030366192,98.25975976345511,138.48295353247346
2022-02-14,440.91317599026434,98.2852256195839,137.10508591271824
2022-02-15,459.5103942401582,98.26825054101991,138.31593509248663
2022-02-16,452.4739203783074,98.25975976345511,137.85665296490384
2022-02-17,417.5815824795971,98.26825054101991,137.27209373420166
2022-02-18,413.8674154534204,98.27673484201908,135.74112853241772
2022-02-21,383.7469012980998,98.25126898589028,134.29366724137546
2022-02-22,395.59484216882043,98.26825054101991,134.3493400547044
2022-02-23,386.1513316502092,98.25975976345511,133.73694972658947
2022-02-24,400.95354170510393,98.2852256195839,131.70493982334847
2022-02-25,407.1514713389936,98.2852256195839,135.69937657704685
2022-02-28,450.84950671112017,98.26825054101991,136.24217323387478
2022-03-01,466.3807047493501,98.2088280511975,135.39318141298938
2022-03-02,462.6821755510791,98.19184649606788,136.6736242640448
2022-03-03,449.0549973719761,98.21731235219667,136.27001494979095
2022-03-04,419.1353972979937,98.25975976345511,134.85038475616147
2022-03-07,410.01566297645934,98.27673484201908,134.09881770397587
2022-03-08,416.0828201313715,98.22580312976149,131.4822591885361
2022-03-09,443.7901705277699,98.18336219506871,133.3472506517903
2022-03-10,419.1627406345072,98.22580312976149,132.1224806140638
2022-03-11,416.08460339244846,98.19184649606788,133.44467542049009
2022-03-14,424.31147261013865,98.22580312976149,131.7467023972227
2022-03-15,419.8771424567256,98.18336219506871,132.94363071903302
2022-03-16,436.9624296612101,98.2088280511975,135.99165088314624
2022-03-17,431.88603407080325,98.18336219506871,136.35351886053263
2022-03-18,442.20046186461894,98.19184649606788,138.56645744321517
2022-03-21,436.4574467039277,98.16638063993909,138.95615651801435
2022-03-22,449.54850344386574,98.16638063993909,140.82115859977193
2022-03-23,456.2024449423858,98.18336219506871,140.40361780905658
2022-03-24,467.43932168406604,98.18336219506871,140.40361780905658
2022-03-25,472.6368418537776,98.18336219506871,140.96033532384257
2022-03-28,501.89887583678956,98.17487141750391,141.29436158531283
2022-03-29,500.9495407988415,98.1409147838103,142.35212380155588
2022-03-30,493.57539044844214,98.15788986237428,141.82324800268606
2022-03-31,481.38666381344893,98.15788986237428,141.6005567493703
2022-04-01,490.3380857241035,98.18336219506871,141.21085767457112
2022-04-04,497.25457812272447,98.14940556137512,143.0758597563287
2022-04-05,488.9638315787645,98.14940556137512,143.29854039114107
2022-04-06,464.0895343379495,98.14940556137512,140.70981297311405
2022-04-07,468.70008726548116,98.1154489276815,140.45929062238554
2022-04-08,455.1081627861305,98.14940556137512,141.9624247267567
2022-04-11,425.32349613363846,98.1409147838103,140.06959154758633
2022-04-12,433.86559104016476,98.1154489276815,140.6819818757013
2022-04-13,442.2826290480883,98.13242400624547,140.26444108498592
2022-04-14,431.95686154280895,98.16638063993909,140.96033532384257
2022-04-19,450.012379947092,98.14940556137512,140.90466251051365
2022-04-20,446.3751674950829,98.15788986237428,141.0438392345843
2022-04-21,437.8451896189514,98.15788986237428,140.90466251051365
2022-04-22,431.25411950455515,98.14940556137512,137.9819088310164
2022-04-25,442.06465967491147,98.10695815011668,135.74112853241772
2022-04-26,419.22808114935293,98.06451073885827,135.39318141298938
2022-04-27,435.2198177918701,98.08998307155271,136.88239465940248
2022-04-28,443.24865358073106,98.07300151642309,137.62004085362997
2022-04-29,428.64246507037365,98.09846737255188,138.37160790581558
2022-05-02,429.12618606866147,98.06451073885827,135.49060618168917
2022-05-03,419.82876578443256,98.08998307155271,137.2303417788308
2022-05-04,437.5183041461506,98.07300151642309,135.53235813706004
2022-05-05,406.20780615677745,98.09846737255188,135.78288048778856
2022-05-06,399.948148254839,98.03056058173031,133.7091186291767
2022-05-09,335.7268126334445,98.03056058173031,130.38274501692217
2022-05-10,344.88897942368203,98.0560264378591,129.93737312879406
2022-05-11,322.21799269274476,98.0220698041655,131.17606402447862
2022-05-12,327.619239009339,98.08998307155271,130.13222266619366
2022-05-13,329.21349727446835,98.08998307155271,133.27766759900666
2022-05-16,334.8556895973465,98.08998307155271,132.56785250219193
2022-05-17,337.6167950271707,98.04753566029429,133.4307651810354
2022-05-18,320.99652744198744,98.04753566029429,131.55184224131972
2022-05-19,335.3981438995668,98.0560264378591,129.36673475604996
2022-05-20,323.50868505300286,98.07300151642309,129.1579749791957
2022-05-23,318.81836548575916,98.07300151642309,130.5219217409928
2022-05-24,323.4286440654329,97.9966039480367,127.36256656872513
2022-05-25,323.7985107026529,98.0220698041655,129.54767405399488
2022-05-26,319.19449639907003,98.08149229398789,131.49618004649417
2022-05-27,312.2397781989017,98.08149229398789,134.02923465119224
2022-05-30,344.7100360333049,98.06451073885827,134.9060575694904
2022-05-31,346.6777731824512,98.0220698041655,133.84829535324735
2022-06-01,327.516587185806,98.01357902660068,133.61169386047692
2022-06-02,331.7084852820376,97.96264731434309,133.91788902453436
2022-06-03,324.347229280964,98.0560264378591,133.4168443230773
2022-06-06,343.51435948119905,97.96264731434309,134.68336631617464
2022-06-07,340.9088778738224,98.00508824903586,134.12665941989204
2022-06-08,330.0121696137342,97.9966039480367,134.47460653932038
2022-06-09,331.92195077787903,97.98811317047189,133.3194195543775
2022-06-10,323.6358910098264,98.03904488272947,129.58942600936575
2022-06-13,252.75647580972054,97.98811317047189,126.58315780062337
2022-06-14,249.0317921156541,98.00508824903586,125.9011844197248
2022-06-15,252.6848938811054,97.95415653677829,126.90327382263892
2022-06-16,226.20662188852378,98.01357902660068,122.90883706894053
2022-06-17,228.24001962501677,97.95415653677829,123.18720113558524
2022-06-20,229.2107995205314,97.95415653677829,123.79958084519677
2022-06-21,230.1975830410957,97.9371814582143,125.19136932291006
2022-06-22,221.45349952412076,97.94566575921347,124.71816633736918
2022-06-23,234.6343823252307,97.95415653677829,124.7877600086562
2022-06-24,235.43714702004502,97.9711380919079,127.82184869630792
2022-06-27,229.40858146382416,97.96264731434309,128.19763753165242
2022-06-28,225.5982783757418,97.96264731434309,128.19763753165242
2022-06-29,225.28261830279726,97.95415653677829,127.30689375539619
2022-06-30,221.0156403427611,97.89473404695588,125.88726356176672
2022-07-01,216.27740134965427,97.98811317047189,126.61099951653954
2022-07-04,226.9928342625724,97.97962239290707,127.1120442179966
2022-07-05,230.42693785037937,97.9371814582143,126.72234514319743
2022-07-06,236.16691232231116,97.94566575921347,129.2553997478955
2022-07-07,249.08087751991363,97.92869068064948,131.96938303203507
2022-07-08,249.71059730329773,97.96264731434309,132.4982588309049
2022-07-11,232.69885818707735,97.9371814582143,131.7327815392646
2022-07-12,225.5129104672624,97.9966039480367,131.88587912129336
2022-07-13,235.77635528413404,97.98811317047189,130.03479789749386
2022-07-14,240.14113825554543,97.92019990308467,128.86569005459293
2022-07-15,241.94863339330118,97.85228663569747,131.0090455844918
2022-07-18,259.40072368392475,97.92019990308467,131.71886068130652
2022-07-19,267.6162760524727,97.9371814582143,131.69102958389377
2022-07-20,267.10443439874035,97.89473404695588,133.40292346511922
2022-07-21,265.3150004949693,97.9371814582143,133.6951977712186
2022-07-22,260.37049763729334,97.8438023346983,133.5142690917771
2022-07-25,244.57574275681645,97.8777589683919,133.56994190510605
2022-07-26,245.46712180976309,97.86926819082709,133.4168443230773
2022-07-27,263.0129704808564,97.91170912551985,134.69728717413275
2022-07-28,273.84397242895477,97.80984570100469,136.35351886053263
2022-07-29,272.4794804948961,97.86926819082709,137.35560826344678
2022-08-01,265.94986430069076,97.69948502235904,137.48086412955934
2022-08-02,264.853410223893,97.83531155713348,137.62004085362997
2022-08-03,263.3105007328517,97.83531155713348,138.9283254206016
2022-08-04,258.5104191600886,97.86926819082709,138.37160790581558
2022-08-05,267.60018097813696,97.8777589683919,138.28810399507387
2022-08-08,273.29116149509525,97.8438023346983,139.20667886874287
2022-08-09,265.6186578491265,97.82682077956866,137.77313843565872
2022-08-10,272.1836420546917,97.86926819082709,138.83090065190177
2022-08-11,271.71018623875716,97.86077741326227,139.81906919685784
2022-08-12,278.33968791559414,97.8777589683919,140.98817703975877
2022-08-16,274.89534200775535,97.86926819082709,143.21503648039936
2022-08-17,268.390348533805,97.83531155713348,141.99025582416948
2022-08-18,269.317392808291,97.86077741326227,143.0758597563287
2022-08-19,243.5057861106367,97.90322482452069,142.12944316674353
2022-08-22,252.0406107989261,97.86926819082709,141.5170528386286
2022-08-23,252.84015190640895,97.85228663569747,140.59846734645618
2022-08-24,251.2384862491138,97.86926819082709,141.1273537638294
2022-08-25,253.5899217399873,97.8777589683919,141.85107910009881
2022-08-26,238.01066710196528,97.8777589683919,139.90257310759952
2022-08-29,237.3431787634639,97.86926819082709,137.7035553828751
2022-08-30,231.1859897864865,97.8777589683919,136.07515479388795
2022-08-31,233.80342838800746,97.85228663569747,135.32359836020575
2022-09-01,236.74059655569982,97.8777589683919,134.40501286803334
2022-09-02,234.86012488771743,97.8438023346983,136.08907565184603
2022-09-05,233.05699645336807,97.80984570100469,135.26792554687682
2022-09-06,222.79266000595794,97.83531155713348,134.87822647207764
2022-09-07,225.8897501125398,97.80135492343986,134.40501286803334
2022-09-08,226.04221893462037,97.80135492343986,136.14474846517496
2022-09-09,246.58817574449438,97.78437984487589,137.1607587260472
2022-09-12,258.513551298134,97.75042321118228,137.9819088310164
2022-09-13,238.10051602545857,97.75042321118228,135.69937657704685
2022-09-14,237.35730767815065,97.75042321118228,134.78079108487444
2022-09-15,230.89771877469846,97.75042321118228,133.90396816657628
2022-09-16,231.0752904257856,97.75042321118228,131.51009028594888
2022-09-19,228.08741362900716,97.75042321118228,131.7606126366774
2022-09-20,221.76424419794287,97.75042321118228,131.7327815392646
2022-09-21,220.82556300181366,97.72495735505349,133.23591564363582
2022-09-22,230.96642005080463,97.73344165605266,130.53584259895092
2022-09-23,233.0671930487569,97.67401916623025,129.11621240532145
2022-09-26,233.90473133457203,97.73344165605266,129.54767405399488
2022-09-27,233.12107954053135,97.74193243361748,129.2414788899374
2022-09-28,234.2750780805435,97.61459667640786,129.61725710677848
2022-09-29,233.08417975363108,97.79286414587506,126.38830826322378
2022-09-30,232.05366061203807,97.75042321118228,127.1120442179966
2022-10-03,233.59218053735145,97.80984570100469,127.05637140466766
2022-10-04,238.43826110097166,97.76739828974627,129.7981964047234
2022-10-05,238.0839637046929,97.77588906731107,129.5337531960368
2022-10-06,238.61567271580833,97.76739828974627,130.43841783025113
2022-10-07,234.93598207045298,97.80984570100469,128.08629190499454
2022-10-10,230.71966701485982,97.76739828974627,127.30689375539619
2022-10-11,229.88450641048064,97.78437984487589,126.4579019345108
2022-10-12,231.06299049681886,97.80135492343986,125.95685723305374
2022-10-13,232.29142875563355,97.83531155713348,126.1795484863695
2022-10-14,231.0115731357663,97.77588906731107,126.22130044174035
2022-10-17,232.48182616908198,97.77588906731107,127.61308891945366
2022-10-18,229.4708812899105,97.78437984487589,127.65484087482453
2022-10-19,229.4108676959741,97.78437984487589,127.90536322555303
2022-10-20,228.07092989520598,97.79286414587506,128.4064079270101
2022-10-21,227.59617092694597,97.80135492343986,127.87752150963686
2022-10-24,229.10398675448542,97.80135492343986,128.54558465108076
2022-10-25,236.10116028567845,97.82682077956866,129.77035468880723
2022-10-26,240.87527026121802,97.73344165605266,130.04871875545194
2022-10-27,238.24249104197088,97.79286414587506,129.7981964047234
2022-10-28,241.92501661519213,97.83531155713348,130.48016978562197
2022-10-31,242.6832683700468,97.78437984487589,131.5796839572359
2022-11-01,242.7615489588613,97.79286414587506,131.91371021870611
2022-11-02,240.4490022768586,97.78437984487589,131.20389512189138
2022-11-03,242.64632285850348,97.76739828974627,130.1043915687809
2022-11-04,247.97301514468762,97.77588906731107,129.26930998735017
2022-11-07,240.74367473866653,97.7589139887471,129.8817003154651
2022-11-08,215.29765942411183,97.78437984487589,131.07863925577882
2022-11-09,185.53067677729973,97.76739828974627,129.57550515140767
2022-11-10,201.98758164420786,97.79286414587506,132.55393164423384
2022-11-11,192.2529423236212,97.79286414587506,132.19207428535083
2022-11-14,188.49421663284187,97.79286414587506,132.65135641293364
2022-11-15,190.8207550556023,97.69948502235904,133.61169386047692
2022-11-16,187.74037730603663,97.79286414587506,131.6631878679776
2022-11-17,188.53038482545418,97.74193243361748,131.1203912111497
2022-11-18,188.94670769996128,97.74193243361748,131.98330388999315
2022-11-21,180.36913047046772,97.80984570100469,132.3034092935053
2022-11-22,183.79388336878137,97.86077741326227,133.068897203649
2022-11-23,186.63460683322782,97.74193243361748,133.52818994973518
2022-11-24,186.74892987188642,97.75042321118228,133.84829535324735
2022-11-25,185.71716473377168,97.91170912551985,133.55602104714796
2022-11-28,183.52693147179167,97.83531155713348,132.74878118163343
2022-11-29,186.45596065303022,97.82682077956866,132.31733015146338
2022-11-30,192.8077422794512,97.86077741326227,133.4307651810354
2022-12-01,188.65723641629452,97.85228663569747,134.40501286803334
2022-12-02,189.84305930783407,97.86077741326227,133.8622162112054
2022-12-05,189.29911895471636,97.90322482452069,132.73487094217876
2022-12-06,191.10528807782515,97.8777589683919,131.1899848824367
2022-12-07,187.6097191386666,97.89473404695588,130.41057611433496
2022-12-08,191.10668267943666,97.89473404695588,130.68894018097964
2022-12-09,190.1550271158564,97.85228663569747,131.3848344198363
2022-12-12,191.06529044636167,97.89473404695588,130.61934650969263
2022-12-13,195.9064098862165,97.89473404695588,132.35908210683425
2022-12-14,195.33370873265235,97.89473404695588,132.06680780073486
2022-12-15,191.060569376972,97.89473404695588,127.7661865014824
2022-12-16,183.8748045557291,97.92869068064948,127.00069859133872
2022-12-19,181.33189712229674,97.90322482452069,126.51357474783975
2022-12-20,186.2476963353299,97.88624326939106,126.09603395712439
2022-12-21,185.57056009715572,97.90322482452069,128.18371667369433
2022-12-22,185.8342198198495,97.92019990308467,126.43006021859465
2022-12-23,184.3222201874756,97.96264731434309,126.66667232986848
2022-12-27,183.96631099753108,97.92869068064948,126.76409709856829
2022-12-28,182.2921031941178,97.9371814582143,126.04036114379547
2022-12-29,182.73644384362265,97.97962239290707,127.02852968875149
2022-12-30,181.18554397121724,97.9711380919079,126.10995481508247
2023-01-02,182.9657529282633,97.86926819082709,128.4203181664648
2023-01-03,185.1500305554927,97.92019990308467,127.55741610612472
2023-01-04,186.1157350156344,97.91170912551985,128.7821861438512
2023-01-05,187.31791589820688,97.91170912551985,128.26723120293946
2023-01-06,186.0790638519491,97.91170912551985,129.38065561400808
2023-01-09,187.55345496545615,97.91170912551985,130.24356829285153
2023-01-10,190.17306548751958,97.92019990308467,128.89353177050907
2023-01-11,195.00636601342157,97.92869068064948,129.9791250841649
2023-01-12,203.38876760427334,97.85228663569747,130.3549139195094
2023-01-13,214.8634124895491,97.9966039480367,130.8281169050503
2023-01-16,228.77835870936707,97.98811317047189,131.3013198905912
2023-01-17,229.58167209989736,97.9711380919079,131.70493982334847
2023-01-18,224.27759064967628,97.94566575921347,130.9255416737501
2023-01-19,227.84116356413531,97.97962239290707,129.3389036586372
2023-01-20,244.04606849231448,97.96264731434309,130.2853202482224
2023-01-23,246.9395010389782,97.9966039480367,132.1224806140638
2023-01-24,243.31845224826924,97.90322482452069,131.81628545000635
2023-01-25,247.78634428964367,97.9966039480367,130.86986886042115
2023-01-26,247.4996279157176,98.01357902660068,132.45650687553405
2023-01-27,248.4920812920138,97.98811317047189,133.40292346511922
2023-01-30,246.4014591648074,97.92869068064948,132.66527727089172
2023-01-31,249.39246809963126,97.92869068064948,132.4147549201632
2023-02-01,252.15995211715386,98.00508824903586,132.34516124887617
2023-02-02,251.95608879634221,97.95415653677829,135.1844110176317
2023-02-03,254.02327704401156,98.1154489276815,135.69937657704685
2023-02-06,248.31176616234671,98.03904488272947,134.91997842744848
2023-02-07,253.77780429807072,98.0560264378591,135.21225273354787
2023-02-08,250.59004222442155,98.06451073885827,135.03131343560298
2023-02-09,237.81821207958188,98.07300151642309,135.30967750224767
2023-02-10,237.1129094613203,98.07300151642309,134.68336631617464
2023-02-13,237.8876449499761,98.06451073885827,135.4766853237311
2023-02-14,242.28518962809633,98.08149229398789,134.94780952486124
2023-02-15,266.1313225464328,98.09846737255188,135.83855330111749
2023-02-16,259.26853374101427,98.09846737255188,135.7689702483339
2023-02-17,268.32793439611123,98.15788986237428,134.19624247267566
2023-02-20,272.07186816488036,98.06451073885827,134.51635849469125
2023-02-21,268.54574373303757,98.10695815011668,133.16632197234878
2023-02-22,266.97610818816327,98.1409147838103,133.0549763456909
2023-02-23,264.51132130729496,98.13242400624547,133.08281806160707
2023-02-24,256.5454254895223,98.17487141750391,132.1224806140638
2023-02-27,259.52847833646433,98.1154489276815,132.94363071903302
2023-02-28,256.1789882005273,98.14940556137512,132.38692382275042
2023-03-01,259.44676839942485,98.12393322868067,131.3709135618782
2023-03-02,259.2774957710421,98.1409147838103,131.99721412944785
2023-03-03,245.98646230494725,98.19184649606788,134.0709866065631
2023-03-06,245.68433672633049,98.18336219506871,134.47460653932038
2023-03-07,246.57299516301862,98.17487141750391,133.7091186291767
2023-03-08,240.98843875264086,98.18336219506871,133.5142690917771
2023-03-09,225.1636885063565,98.22580312976149,133.30549869641942
2023-03-10,221.74433111591676,98.22580312976149,130.63326736765072
2023-03-13,264.1458213734814,98.2852256195839,127.80793845685325
2023-03-14,270.04141966786074,98.19184649606788,129.42240756937892
2023-03-15,269.6477076293167,98.31069147571269,128.25331034498137
2023-03-16,276.29931717104375,98.2852256195839,129.9791250841649
2023-03-17,298.5563358465883,98.26825054101991,128.94920458383802
2023-03-20,303.23476700665225,98.33615733184148,128.94920458383802
2023-03-21,306.14164259835775,98.33615733184148,129.8956211734232
2023-03-22,294.09162166790236,98.3786047430999,130.1600537636064
2023-03-23,306.1108699136193,98.3446481094063,129.42240756937892
2023-03-24,298.63555379058437,98.38709552066472,129.08838130790866
2023-03-27,293.98172248845395,98.35313888697111,129.93737312879406
2023-03-28,294.4736281978386,98.36162966453593,129.49200124066593
2023-03-29,306.0412312823316,98.40407059922869,130.7167712783924
2023-03-30,300.9296048544939,98.40407059922869,131.32916160650737
2023-03-31,306.74507071201725,98.42105215435832,132.69310836830448
2023-04-03,298.25366157225557,98.39558629822953,132.92972047957835
2023-04-04,300.9077484751403,98.42105215435832,132.2338262407217
2023-04-05,302.51487822727387,98.46349308905108,131.91371021870611
2023-04-06,300.6190202169223,98.40407059922869,132.05288694277678
2023-04-11,324.2079062937456,98.44651801048711,132.90187876366218
2023-04-12,320.79673361440274,98.47198386661591,132.3034092935053
2023-04-13,321.96730733750206,98.48895894517989,132.17815342739274
2023-04-14,321.38573560319605,98.5229155788735,132.90187876366218
2023-04-17,315.4967673820516,98.4974497227447,133.66736667380584
2023-04-18,324.20502564123666,98.50594050030952,133.87613706916352
2023-04-19,308.06173466949883,98.50594050030952,133.52818994973518
2023-04-20,301.4525804587965,98.53140635643831,133.19415306976154
2023-04-21,287.7394399508551,98.53989713400311,132.84620595033323
2023-04-24,291.3853172227126,98.54838143500228,132.31733015146338
2023-04-25,301.83442695248226,98.56536299013192,132.01113498740594
2023-04-26,301.216229779134,98.57385376769673,130.78636494967944
2023-04-27,312.7445325329692,98.56536299013192,131.60751505464864
2023-04-28,308.6519483613317,98.59931962382552,132.6791981288498
2023-05-02,304.89845814217574,98.61629470238951,131.42658637520714
2023-05-03,306.7492316545302,98.59082884626072,131.53793200186504
2023-05-04,306.33697827325,98.6502513360831,130.86986886042115
2023-05-05,308.38123561245527,98.66723289121275,132.56785250219193
2023-05-08,294.79066001007317,98.6417605585183,132.9575515769911
2023-05-09,295.27561557372195,98.63327625751913,133.38900260716113
2023-05-10,294.39866264564154,98.6502513360831,133.19415306976154
2023-05-11,289.6374012947847,98.63327625751913,133.5142690917771
2023-05-12,286.8135387924442,98.6757171922119,133.90396816657628
2023-05-15,292.73396556797206,98.6757171922119,134.4467648234042
2023-05-16,291.2617463750075,98.68420796977672,134.19624247267566
2023-05-17,295.92067597483225,98.69269874734154,134.5581104500621
2023-05-18,291.49128408286316,98.70967382590551,136.24217323387478
2023-05-19,290.95084166493484,98.74363045959912,136.18650042054583
2023-05-22,290.7357072196239,98.7351396820343,136.81281160661885
2023-05-23,295.92051593858173,98.7351396820343,136.4231019133163
2023-05-24,286.6079379351986,98.74363045959912,134.43284396544612
2023-05-25,289.0064240837182,98.77758709329272,134.89213671153232
2023-05-26,291.4480971575504,98.78607787085754,136.91023637531865
2023-05-29,303.3442318019922,98.77758709329272,137.20251068141803
2023-05-30,302.1636215197545,98.7945621718567,136.45094362923246
2023-05-31,297.95743447258565,98.82851880555032,135.69937657704685
2023-06-01,291.7595734256605,98.82851880555032,136.50661644256138
2023-06-02,297.72686796026255,98.84550036067994,138.97007737597244
2023-06-05,281.51249803098256,98.8539846616791,139.290193397988
2023-06-06,298.02204339314346,98.83700958311513,139.7355652861161
2023-06-07,288.0264078103177,98.86247543924392,139.42937012205863
2023-06-08,287.7816895209864,98.87096621680872,138.73347588320198
2023-06-09,288.36749078476976,98.89643207293753,139.51287403280034
2023-06-12,281.724637512177,98.89643207293753,139.79123809944505
2023-06-13,281.18876755854865,98.89643207293753,141.09951204791324
2023-06-14,271.2196065440195,98.89643207293753,141.07168095050048
2023-06-15,273.51667543436696,98.94736378519512,140.59846734645618
2023-06-16,281.2725351045231,98.87945699437356,141.1273537638294
2023-06-19,287.72764299296136,98.93038870663113,140.32011389831487
2023-06-20,303.6517300261614,98.92189792906633,139.5407157487165
2023-06-21,319.7703068283582,98.93887948419595,138.77522783857285
2023-06-22,319.5983364460384,98.94736378519512,138.41335986118645
2023-06-23,329.1423268676402,98.96434534032474,138.13500641304512
2023-06-26,324.78817487572616,98.98981119645353,137.87056320435852
2023-06-27,327.8250456274781,98.98132041888871,137.81489039102956
2023-06-28,322.6097385716399,98.98132041888871,138.9283254206016
2023-06-29,327.9286348061927,98.98132041888871,139.40153902464587
2023-06-30,326.8024139868025,99.05772446384074,140.54280515163066
2023-07-03,334.1815254609673,99.04923368627594,140.98817703975877
2023-07-04,331.0520851694635,99.02376783014715,141.21085767457112
2023-07-05,329.0334564926593,99.04074290871112,141.01600813717153
2023-07-06,321.49385152156754,99.05772446384074,138.63605111450218
2023-07-07,323.7957672240729,99.09168109753436,138.69172392783113
2023-07-10,323.48831472454674,99.07469954240473,138.176758368416
2023-07-11,325.4442777781207,99.08319031996955,138.76130698061476
2023-07-12,319.32446869679507,99.11714695366315,139.5407157487165
2023-07-13,328.2703350633252,99.12563125466232,139.62421965945822
2023-07-14,315.80433419318524,99.15110358735676,139.51287403280034
2023-07-17,314.0417635171761,99.15958788835593,139.34586621131692
2023-07-18,311.251417178154,99.17656944348555,139.95824592092848
2023-07-19,312.4999742798883,99.16807866592073,141.01600813717153
2023-07-20,313.1957433100846,99.19354452204954,141.0438392345843
2023-07-21,314.4746844370919,99.22750115574314,141.322203301229
2023-07-24,308.713287969915,99.21901037817833,142.0459286374984
2023-07-25,309.60967387127005,99.21901037817833,142.9088413163419
2023-07-26,310.17599643713584,99.22750115574314,142.32429270414312
2023-07-27,311.4562635787901,99.26145778943675,144.30062979405517
2023-07-28,311.1077960744937,99.27843286800073,144.07793854073944
2023-07-31,311.1388202447686,99.26994856700156,144.16145306998453
2023-08-01,315.56613166548124,99.32088027925914,143.99443462999773
2023-08-02,311.82203786046165,99.30390520069517,142.35212380155588
2023-08-03,311.88925308567036,99.28692364556554,141.73973347344096
2023-08-04,308.66061318118005,99.32088027925914,141.54488393604137
2023-08-07,310.44181664921126,99.30390520069517,141.23869939048728
2023-08-08,317.9202191856487,99.34634613538795,140.76548578644298
2023-08-09,315.2247286185282,99.34634613538795,140.6819818757013
2023-08-10,313.6928159041282,99.38879354664635,141.37787611455795
2023-08-11,314.0739536658475,99.38030276908155,140.34794499572766
2023-08-14,315.5906400741288,99.39727784764553,141.0438392345843
2023-08-16,308.94527194617115,99.43123448133913,139.81906919685784
2023-08-17,287.02592975917514,99.46519111503275,138.99791909188858
2023-08-18,280.0159533279424,99.46519111503275,137.91231515972936
2023-08-21,280.6027148092288,99.43972525890395,137.9540777336036
2023-08-22,280.92994321685205,99.58403609467754,139.17884777133008
2023-08-23,284.7496198567493,99.44821603646876,140.15309545832807
2023-08-24,283.59376946869565,99.50763852629116,139.70772357019993
2023-08-25,282.44706400924184,99.51612930385598,139.79123809944505
2023-08-28,282.2784315258611,99.53310438241996,140.8768314131009
2023-08-29,298.6059699465639,99.53310438241996,142.0459286374984
2023-08-30,292.3518447264283,99.53310438241996,141.85107910009881
2023-08-31,279.957768719726,99.57555179367839,142.797495689684
2023-09-01,279.9635300247439,99.60101764980718,143.5490627418696
2023-09-04,279.9906676003639,99.61799272837115,143.68823946594026
2023-09-05,281.3752326526992,99.61799272837115,144.16145306998453
2023-09-06,281.1044284545368,99.61799272837115,142.9923452270836
2023-09-07,287.139692670957,99.62648350593597,142.7139917789423
2023-09-08,283.20993395303947,99.68590599575838,142.96451412967082
2023-09-11,274.05453440996575,99.72835340701678,143.02018694299977
2023-09-12,281.2113326698688,99.63497428350078,143.1871947644832
2023-09-13,286.0512861313271,99.70288107432235,143.13152195115424
2023-09-14,292.104337233874,99.73683770801595,144.9408512195829
2023-09-15,291.894689745723,99.74532848558077,144.21712588331349
2023-09-18,292.8898408759561,99.67741521819356,143.6325666526113
2023-09-19,298.19776319618916,99.72835340701678,142.93667241375465
2023-09-20,298.2048276535325,99.73683770801595,143.3820443018828
2023-09-21,291.7225821894742,99.76230356414474,141.09951204791324
2023-09-22,291.75968773726805,99.79626019783836,141.23869939048728
2023-09-25,290.64745865863557,99.80475097540317,141.1273537638294
2023-09-26,290.3604222122085,99.7877758968392,139.9304148235157
2023-09-27,293.63323212183604,99.7877758968392,140.29228280090211
2023-09-28,299.4452686311345,99.84719838666159,140.4871323383017
2023-09-29,297.7367902077933,99.83870760909677,140.70981297311405
2023-10-02,307.5032081552644,99.87266424279039,140.62630906237234
2023-10-03,306.707988026545,99.81324175296798,138.97007737597244
2023-10-04,309.7113883396216,99.87266424279039,138.4272807191445
2023-10-05,304.2908004990387,99.87266424279039,138.38552876377366
2023-10-06,308.7935347183785,99.89813009891918,139.290193397988
2023-10-09,305.21875926638467,99.93208673261279,139.98608763684464
2023-10-10,302.35175556337447,99.93208673261279,141.87892081601498
2023-10-11,296.1071639313042,99.94906181117676,141.37787611455795
2023-10-12,297.27686888618655,99.9405775101776,142.37996551747204
2023-10-13,299.1086209470534,99.97452766730555,141.6005567493703
2023-10-16,316.29651425042795,99.98301844487038,142.21294707748524
2023-10-17,314.60072441551904,100.0,141.85107910009881
2023-10-18,314.6699058003767,100.02546585612879,140.9325042264298
2023-10-19,317.560937803283,100.03395015712795,139.42937012205863
2023-10-20,327.8402490712753,100.0848883459512,137.02157138347312
2023-10-23,362.97200120072915,100.0594224898224,136.5622892558903
2023-10-24,374.5396500098651,100.03395015712795,137.39736021881762
2023-10-25,382.2226474614021,100.07639756838638,136.70146597996097
2023-10-26,378.479308112992,100.1188449796448,135.78288048778856
2023-10-27,375.5169913916501,100.10186342451517,134.76688084541973
2023-10-30,380.50721889232506,100.1188449796448,134.76688084541973
2023-10-31,383.63290976310293,100.13582005820878,135.81072220370473
2023-11-01,391.81560897565595,100.1443108357736,137.42519131623038
2023-11-02,385.24758408133135,100.16128591433757,139.42937012205863
2023-11-03,378.68987009400297,100.19524254803119,140.12526436091528
2023-11-06,382.6412565680592,100.19524254803119,139.9304148235157
2023-11-07,387.89334909919023,100.18675177046636,140.73765468903022
2023-11-08,389.64730067999403,100.18675177046636,140.12526436091528
2023-11-09,402.6435702349949,100.2291991817248,140.70981297311405
2023-11-10,408.30012009577484,100.2291991817248,140.37578671164383
2023-11-13,399.26799419022683,100.2291991817248,141.23869939048728
2023-11-14,382.41773165075796,100.25466503785358,142.18511598007245
2023-11-15,408.5141114250108,100.297112449112,142.797495689684
2023-11-16,389.9405785401905,100.32257830524081,141.85107910009881
2023-11-17,392.394345782096,100.3310690828056,142.35212380155588
2023-11-20,400.79172219353,100.33955338380478,142.46346942821378
2023-11-21,384.0049254585439,100.33955338380478,142.49130052562654
2023-11-22,402.43268818148294,100.3820007950632,143.66040836852747
2023-11-23,400.2990391652143,100.39049157262801,143.57690445778576
2023-11-24,403.3643735072333,100.39897587362718,143.2707092937283
2023-11-27,397.9150934531685,100.37351001749839,142.9923452270836
2023-11-28,402.4245491950291,100.39049157262801,142.76966459227123
2023-11-29,403.8399555190673,100.42444820632161,142.96451412967082
2023-11-30,405.30341844289757,100.4753799185792,143.5490627418696
2023-12-01,415.7613758910876,100.4499140624504,144.91302012217014
2023-12-04,453.4305256344923,100.4753799185792,144.91302012217014
2023-12-05,477.9644029081788,100.4668891410144,144.91302012217014
2023-12-06,475.6228896648361,100.4753799185792,144.91302012217014
2023-12-07,469.65902447845906,100.5348024084016,145.77592218251021
2023-12-08,479.87244653588965,100.52631163083679,146.63883486135367
2023-12-11,448.4533982440365,100.5348024084016,147.08420674948178
2023-12-12,449.3176397213632,100.54329318596642,147.02853393615285
2023-12-13,461.3335272058197,100.54329318596642,147.4460747268682
2023-12-14,458.0969998004119,100.57724981966003,147.52957863760992
2023-12-15,449.9325904450585,100.62818153191762,148.61517195126575
2023-12-18,456.7496317451565,100.62818153191762,148.42032241386616
2023-12-19,450.6615327037507,100.58573412065918,148.64301366718192
2023-12-20,466.8748966908847,100.65364738804641,149.06054383939386
2023-12-21,466.5588936831177,100.73005143299845,148.03062333906698
2023-12-22,467.0887051215486,100.75551728912724,148.4759952271951
2023-12-27,457.7825514305068,100.7640015901264,148.03062333906698
2023-12-28,450.8410476521653,100.78947392282085,148.8378632045815
2023-12-29,445.7463164799158,100.8234240799488,149.0327127419811
